{"cameraMode":{"drawMode":0,"name":"Shaded","section":"Shading Mode"},"sceneLighting":true,"audioPlay":false,"sceneViewState":{"m_AlwaysRefresh":false,"showFog":true,"showSkybox":true,"showFlares":true,"showImageEffects":true,"showParticleSystems":true,"showVisualEffectGraphs":true,"m_FxEnabled":true},"in2DMode":false,"pivot":{"x":1.0637657642364503,"y":3.661503314971924,"z":4.1392083168029789},"rotation":{"x":0.0010074059246107936,"y":-0.02707800082862377,"z":-0.00021374881907831877,"w":0.9997689127922058},"size":5.417088985443115,"orthographic":true}