{"cameraMode":{"drawMode":0,"name":"Shaded","section":"Shading Mode"},"sceneLighting":true,"audioPlay":false,"sceneViewState":{"m_AlwaysRefresh":false,"showFog":true,"showSkybox":true,"showFlares":true,"showImageEffects":true,"showParticleSystems":true,"showVisualEffectGraphs":true,"m_FxEnabled":true},"in2DMode":false,"pivot":{"x":1.0637657642364503,"y":3.661503314971924,"z":4.1392083168029789},"rotation":{"x":-0.036491915583610538,"y":-0.009064456447958947,"z":-0.0006262342794798315,"w":0.9994370341300964},"size":9.350468635559082,"orthographic":true}